-
-- Banco de dados: `dev_stadium`
--

DROP SCHEMA IF EXISTS `dev_stadium`;
CREATE SCHEMA `dev_stadium`;
USE `dev_stadium`;

-- --------------------------------------------------------

--
-- Estrutura da tabela `leader`
--

DROP TABLE IF EXISTS `leader`;
CREATE TABLE IF NOT EXISTS `leader` (
  `leader_id` int NOT NULL AUTO_INCREMENT,
  `name` varchar(25) NOT NULL,
  `team_id` int NOT NULL,
  `type` varchar(9) NOT NULL,
  PRIMARY KEY (`leader_id`),
  KEY `team_id` (`team_id`)
);  

--
-- Extraindo dados da tabela `leader`
--

INSERT INTO `leader` (`leader_id`, `name`, `team_id`, `type`) VALUES
(1, 'Breno', 1, 'water'),
(2, 'Gustavo', 2, 'grass'),
(3, 'Pablo', 3, 'steel'),
(4, 'Paulo', 4, 'electric'),
(5, 'Teodoro', 5, 'ghost');

-- --------------------------------------------------------

--
-- Estrutura da tabela `move`
--

DROP TABLE IF EXISTS `move`;
CREATE TABLE IF NOT EXISTS `move` (
  `move_id` int NOT NULL,
  `name` varchar(50) NOT NULL,
  PRIMARY KEY (`move_id`),
  UNIQUE KEY `name` (`name`)
) ;

--
-- Extraindo dados da tabela `move`
--

INSERT INTO `move` (`move_id`, `name`) VALUES
(71, 'absorb'),
(51, 'acid'),
(151, 'acid-armor'),
(491, 'acid-spray'),
(512, 'acrobatics'),
(367, 'acupressure'),
(332, 'aerial-ace'),
(177, 'aeroblast'),
(495, 'after-you'),
(97, 'agility'),
(314, 'air-cutter'),
(403, 'air-slash'),
(502, 'ally-switch'),
(133, 'amnesia'),
(246, 'ancient-power'),
(453, 'aqua-jet'),
(392, 'aqua-ring'),
(401, 'aqua-tail'),
(292, 'arm-thrust'),
(312, 'aromatherapy'),
(597, 'aromatic-mist'),
(274, 'assist'),
(372, 'assurance'),
(310, 'astonish'),
(454, 'attack-order'),
(213, 'attract'),
(396, 'aura-sphere'),
(62, 'aurora-beam'),
(475, 'autotomize'),
(419, 'avalanche'),
(608, 'baby-doll-eyes'),
(140, 'barrage'),
(112, 'barrier'),
(226, 'baton-pass'),
(251, 'beat-up'),
(562, 'belch'),
(187, 'belly-drum'),
(516, 'bestow'),
(117, 'bide'),
(20, 'bind'),
(44, 'bite'),
(307, 'blast-burn'),
(299, 'blaze-kick'),
(59, 'blizzard'),
(335, 'block'),
(551, 'blue-flare'),
(34, 'body-slam'),
(550, 'bolt-strike'),
(125, 'bone-club'),
(198, 'bone-rush'),
(155, 'bonemerang'),
(586, 'boomburst'),
(340, 'bounce'),
(413, 'brave-bird'),
(280, 'brick-break'),
(362, 'brine'),
(145, 'bubble'),
(61, 'bubble-beam'),
(450, 'bug-bite'),
(405, 'bug-buzz'),
(339, 'bulk-up'),
(523, 'bulldoze'),
(418, 'bullet-punch'),
(331, 'bullet-seed'),
(347, 'calm-mind'),
(293, 'camouflage'),
(445, 'captivate'),
(606, 'celebrate'),
(268, 'charge'),
(451, 'charge-beam'),
(204, 'charm'),
(448, 'chatter'),
(498, 'chip-away'),
(509, 'circle-throw'),
(128, 'clamp'),
(499, 'clear-smog'),
(370, 'close-combat'),
(489, 'coil'),
(4, 'comet-punch'),
(590, 'confide'),
(109, 'confuse-ray'),
(93, 'confusion'),
(132, 'constrict'),
(160, 'conversion'),
(176, 'conversion-2'),
(383, 'copycat'),
(322, 'cosmic-power'),
(538, 'cotton-guard'),
(178, 'cotton-spore'),
(68, 'counter'),
(343, 'covet'),
(152, 'crabhammer'),
(578, 'crafty-shield'),
(238, 'cross-chop'),
(440, 'cross-poison'),
(242, 'crunch'),
(306, 'crush-claw'),
(462, 'crush-grip'),
(174, 'curse'),
(15, 'cut'),
(399, 'dark-pulse'),
(464, 'dark-void'),
(605, 'dazzling-gleam'),
(455, 'defend-order'),
(111, 'defense-curl'),
(432, 'defog'),
(194, 'destiny-bond'),
(197, 'detect'),
(591, 'diamond-storm'),
(91, 'dig'),
(50, 'disable'),
(574, 'disarming-voice'),
(435, 'discharge'),
(291, 'dive'),
(146, 'dizzy-punch'),
(353, 'doom-desire'),
(38, 'double-edge'),
(458, 'double-hit'),
(24, 'double-kick'),
(3, 'double-slap'),
(104, 'double-team'),
(434, 'draco-meteor'),
(620, 'dragon-ascent'),
(225, 'dragon-breath'),
(337, 'dragon-claw'),
(349, 'dragon-dance'),
(406, 'dragon-pulse'),
(82, 'dragon-rage'),
(407, 'dragon-rush'),
(525, 'dragon-tail'),
(409, 'drain-punch'),
(577, 'draining-kiss'),
(138, 'dream-eater'),
(65, 'drill-peck'),
(529, 'drill-run'),
(530, 'dual-chop'),
(223, 'dynamic-punch'),
(414, 'earth-power'),
(89, 'earthquake'),
(497, 'echoed-voice'),
(598, 'eerie-impulse'),
(121, 'egg-bomb'),
(604, 'electric-terrain'),
(582, 'electrify'),
(486, 'electro-ball'),
(527, 'electroweb'),
(373, 'embargo'),
(52, 'ember'),
(227, 'encore'),
(283, 'endeavor'),
(203, 'endure'),
(412, 'energy-ball'),
(494, 'entrainment'),
(284, 'eruption'),
(153, 'explosion'),
(326, 'extrasensory'),
(245, 'extreme-speed'),
(263, 'facade'),
(587, 'fairy-lock'),
(584, 'fairy-wind'),
(252, 'fake-out'),
(313, 'fake-tears'),
(206, 'false-swipe'),
(297, 'feather-dance'),
(364, 'feint'),
(185, 'feint-attack'),
(565, 'fell-stinger'),
(552, 'fiery-dance'),
(515, 'final-gambit'),
(126, 'fire-blast'),
(424, 'fire-fang'),
(519, 'fire-pledge'),
(7, 'fire-punch'),
(83, 'fire-spin'),
(90, 'fissure'),
(175, 'flail'),
(481, 'flame-burst'),
(488, 'flame-charge'),
(172, 'flame-wheel'),
(53, 'flamethrower'),
(394, 'flare-blitz'),
(148, 'flash'),
(430, 'flash-cannon'),
(260, 'flatter'),
(374, 'fling'),
(579, 'flower-shield'),
(19, 'fly'),
(560, 'flying-press'),
(411, 'focus-blast'),
(116, 'focus-energy'),
(264, 'focus-punch'),
(266, 'follow-me'),
(395, 'force-palm'),
(193, 'foresight'),
(571, 'forests-curse'),
(492, 'foul-play'),
(573, 'freeze-dry'),
(553, 'freeze-shock'),
(338, 'frenzy-plant'),
(524, 'frost-breath'),
(218, 'frustration'),
(31, 'fury-attack'),
(210, 'fury-cutter'),
(154, 'fury-swipes'),
(559, 'fusion-bolt'),
(558, 'fusion-flare'),
(248, 'future-sight'),
(380, 'gastro-acid'),
(544, 'gear-grind'),
(601, 'geomancy'),
(202, 'giga-drain'),
(416, 'giga-impact'),
(549, 'glaciate'),
(137, 'glare'),
(447, 'grass-knot'),
(520, 'grass-pledge'),
(320, 'grass-whistle'),
(580, 'grassy-terrain'),
(356, 'gravity'),
(45, 'growl'),
(74, 'growth'),
(288, 'grudge'),
(470, 'guard-split'),
(385, 'guard-swap'),
(12, 'guillotine'),
(441, 'gunk-shot'),
(16, 'gust'),
(360, 'gyro-ball'),
(258, 'hail'),
(359, 'hammer-arm'),
(603, 'happy-hour'),
(106, 'harden'),
(114, 'haze'),
(543, 'head-charge'),
(457, 'head-smash'),
(29, 'headbutt'),
(215, 'heal-bell'),
(377, 'heal-block'),
(456, 'heal-order'),
(505, 'heal-pulse'),
(361, 'healing-wish'),
(531, 'heart-stamp'),
(391, 'heart-swap'),
(535, 'heat-crash'),
(257, 'heat-wave'),
(484, 'heavy-slam'),
(270, 'helping-hand'),
(506, 'hex'),
(237, 'hidden-power'),
(136, 'high-jump-kick'),
(610, 'hold-back'),
(607, 'hold-hands'),
(468, 'hone-claws'),
(30, 'horn-attack'),
(32, 'horn-drill'),
(532, 'horn-leech'),
(336, 'howl'),
(542, 'hurricane'),
(308, 'hydro-cannon'),
(56, 'hydro-pump'),
(63, 'hyper-beam'),
(158, 'hyper-fang'),
(304, 'hyper-voice'),
(621, 'hyperspace-fury'),
(593, 'hyperspace-hole'),
(95, 'hypnosis'),
(301, 'ice-ball'),
(58, 'ice-beam'),
(554, 'ice-burn'),
(423, 'ice-fang'),
(8, 'ice-punch'),
(420, 'ice-shard'),
(556, 'icicle-crash'),
(333, 'icicle-spear'),
(196, 'icy-wind'),
(286, 'imprison'),
(510, 'incinerate'),
(517, 'inferno'),
(611, 'infestation'),
(275, 'ingrain'),
(569, 'ion-deluge'),
(334, 'iron-defense'),
(442, 'iron-head'),
(231, 'iron-tail'),
(449, 'judgment'),
(26, 'jump-kick'),
(2, 'karate-chop'),
(134, 'kinesis'),
(588, 'kings-shield'),
(282, 'knock-off'),
(616, 'lands-wrath'),
(387, 'last-resort'),
(436, 'lava-plume'),
(348, 'leaf-blade'),
(437, 'leaf-storm'),
(536, 'leaf-tornado'),
(141, 'leech-life'),
(73, 'leech-seed'),
(43, 'leer'),
(122, 'lick'),
(617, 'light-of-ruin'),
(113, 'light-screen'),
(199, 'lock-on'),
(142, 'lovely-kiss'),
(67, 'low-kick'),
(490, 'low-sweep'),
(381, 'lucky-chant'),
(461, 'lunar-dance'),
(295, 'luster-purge'),
(183, 'mach-punch'),
(277, 'magic-coat'),
(478, 'magic-room'),
(345, 'magical-leaf'),
(463, 'magma-storm'),
(443, 'magnet-bomb'),
(393, 'magnet-rise'),
(602, 'magnetic-flux'),
(222, 'magnitude'),
(561, 'mat-block'),
(382, 'me-first'),
(212, 'mean-look'),
(96, 'meditate'),
(72, 'mega-drain'),
(25, 'mega-kick'),
(5, 'mega-punch'),
(224, 'megahorn'),
(262, 'memento'),
(368, 'metal-burst'),
(232, 'metal-claw'),
(319, 'metal-sound'),
(309, 'meteor-mash'),
(118, 'metronome'),
(208, 'milk-drink'),
(102, 'mimic'),
(170, 'mind-reader'),
(107, 'minimize'),
(357, 'miracle-eye'),
(243, 'mirror-coat'),
(119, 'mirror-move'),
(429, 'mirror-shot'),
(54, 'mist'),
(296, 'mist-ball'),
(581, 'misty-terrain'),
(585, 'moonblast'),
(236, 'moonlight'),
(234, 'morning-sun'),
(426, 'mud-bomb'),
(341, 'mud-shot'),
(189, 'mud-slap'),
(300, 'mud-sport'),
(330, 'muddy-water'),
(595, 'mystical-fire'),
(417, 'nasty-plot'),
(363, 'natural-gift'),
(267, 'nature-power'),
(302, 'needle-arm'),
(539, 'night-daze'),
(101, 'night-shade'),
(400, 'night-slash'),
(171, 'nightmare'),
(568, 'noble-roar'),
(609, 'nuzzle'),
(613, 'oblivion-wing'),
(190, 'octazooka'),
(316, 'odor-sleuth'),
(466, 'ominous-wind'),
(618, 'origin-pulse'),
(200, 'outrage'),
(315, 'overheat'),
(220, 'pain-split'),
(570, 'parabolic-charge'),
(575, 'parting-shot'),
(6, 'pay-day'),
(371, 'payback'),
(64, 'peck'),
(195, 'perish-song'),
(572, 'petal-blizzard'),
(80, 'petal-dance'),
(566, 'phantom-force'),
(42, 'pin-missile'),
(589, 'play-nice'),
(583, 'play-rough'),
(365, 'pluck'),
(305, 'poison-fang'),
(139, 'poison-gas'),
(398, 'poison-jab'),
(77, 'poison-powder'),
(40, 'poison-sting'),
(342, 'poison-tail'),
(1, 'pound'),
(600, 'powder'),
(181, 'powder-snow'),
(408, 'power-gem'),
(471, 'power-split'),
(384, 'power-swap'),
(379, 'power-trick'),
(612, 'power-up-punch'),
(438, 'power-whip'),
(619, 'precipice-blades'),
(217, 'present'),
(182, 'protect'),
(60, 'psybeam'),
(244, 'psych-up'),
(94, 'psychic'),
(354, 'psycho-boost'),
(427, 'psycho-cut'),
(375, 'psycho-shift'),
(473, 'psyshock'),
(540, 'psystrike'),
(149, 'psywave'),
(386, 'punishment'),
(228, 'pursuit'),
(511, 'quash'),
(98, 'quick-attack'),
(501, 'quick-guard'),
(483, 'quiver-dance'),
(99, 'rage'),
(476, 'rage-powder'),
(240, 'rain-dance'),
(229, 'rapid-spin'),
(75, 'razor-leaf'),
(534, 'razor-shell'),
(13, 'razor-wind'),
(105, 'recover'),
(278, 'recycle'),
(115, 'reflect'),
(513, 'reflect-type'),
(287, 'refresh'),
(547, 'relic-song'),
(156, 'rest'),
(514, 'retaliate'),
(216, 'return'),
(279, 'revenge'),
(179, 'reversal'),
(46, 'roar'),
(459, 'roar-of-time'),
(350, 'rock-blast'),
(431, 'rock-climb'),
(397, 'rock-polish'),
(157, 'rock-slide'),
(249, 'rock-smash'),
(88, 'rock-throw'),
(317, 'rock-tomb'),
(439, 'rock-wrecker'),
(272, 'role-play'),
(27, 'rolling-kick'),
(205, 'rollout'),
(355, 'roost'),
(563, 'rototiller'),
(496, 'round'),
(221, 'sacred-fire'),
(533, 'sacred-sword'),
(219, 'safeguard'),
(28, 'sand-attack'),
(328, 'sand-tomb'),
(201, 'sandstorm'),
(503, 'scald'),
(184, 'scary-face'),
(10, 'scratch'),
(103, 'screech'),
(545, 'searing-shot'),
(290, 'secret-power'),
(548, 'secret-sword'),
(402, 'seed-bomb'),
(465, 'seed-flare'),
(69, 'seismic-toss'),
(120, 'self-destruct'),
(247, 'shadow-ball'),
(421, 'shadow-claw'),
(467, 'shadow-force'),
(325, 'shadow-punch'),
(425, 'shadow-sneak'),
(159, 'sharpen'),
(329, 'sheer-cold'),
(504, 'shell-smash'),
(508, 'shift-gear'),
(351, 'shock-wave'),
(324, 'signal-beam'),
(318, 'silver-wind'),
(493, 'simple-beam'),
(47, 'sing'),
(166, 'sketch'),
(285, 'skill-swap'),
(130, 'skull-bash'),
(143, 'sky-attack'),
(507, 'sky-drop'),
(327, 'sky-uppercut'),
(303, 'slack-off'),
(21, 'slam'),
(163, 'slash'),
(79, 'sleep-powder'),
(214, 'sleep-talk'),
(124, 'sludge'),
(188, 'sludge-bomb'),
(482, 'sludge-wave'),
(479, 'smack-down'),
(265, 'smelling-salts'),
(123, 'smog'),
(108, 'smokescreen'),
(555, 'snarl'),
(289, 'snatch'),
(173, 'snore'),
(487, 'soak'),
(135, 'soft-boiled'),
(76, 'solar-beam'),
(49, 'sonic-boom'),
(460, 'spacial-rend'),
(209, 'spark'),
(169, 'spider-web'),
(131, 'spike-cannon'),
(191, 'spikes'),
(596, 'spiky-shield'),
(255, 'spit-up'),
(180, 'spite'),
(150, 'splash'),
(147, 'spore'),
(446, 'stealth-rock'),
(592, 'steam-eruption'),
(537, 'steamroller'),
(211, 'steel-wing'),
(564, 'sticky-web'),
(254, 'stockpile'),
(23, 'stomp'),
(444, 'stone-edge'),
(500, 'stored-power'),
(480, 'storm-throw'),
(70, 'strength'),
(81, 'string-shot'),
(165, 'struggle'),
(522, 'struggle-bug'),
(78, 'stun-spore'),
(66, 'submission'),
(164, 'substitute'),
(389, 'sucker-punch'),
(241, 'sunny-day'),
(162, 'super-fang'),
(276, 'superpower'),
(48, 'supersonic'),
(57, 'surf'),
(207, 'swagger'),
(256, 'swallow'),
(186, 'sweet-kiss'),
(230, 'sweet-scent'),
(129, 'swift'),
(415, 'switcheroo'),
(14, 'swords-dance'),
(485, 'synchronoise'),
(235, 'synthesis'),
(33, 'tackle'),
(294, 'tail-glow'),
(541, 'tail-slap'),
(39, 'tail-whip'),
(366, 'tailwind'),
(36, 'take-down'),
(269, 'taunt'),
(546, 'techno-blast'),
(298, 'teeter-dance'),
(477, 'telekinesis'),
(100, 'teleport'),
(168, 'thief'),
(614, 'thousand-arrows'),
(615, 'thousand-waves'),
(37, 'thrash'),
(87, 'thunder'),
(422, 'thunder-fang'),
(9, 'thunder-punch'),
(84, 'thunder-shock'),
(86, 'thunder-wave'),
(85, 'thunderbolt'),
(321, 'tickle'),
(576, 'topsy-turvy'),
(259, 'torment'),
(92, 'toxic'),
(390, 'toxic-spikes'),
(144, 'transform'),
(161, 'tri-attack'),
(271, 'trick'),
(567, 'trick-or-treat'),
(433, 'trick-room'),
(167, 'triple-kick'),
(376, 'trump-card'),
(41, 'twineedle'),
(239, 'twister'),
(369, 'u-turn'),
(253, 'uproar'),
(557, 'v-create'),
(410, 'vacuum-wave'),
(599, 'venom-drench'),
(474, 'venoshock'),
(11, 'vice-grip'),
(22, 'vine-whip'),
(233, 'vital-throw'),
(521, 'volt-switch'),
(344, 'volt-tackle'),
(358, 'wake-up-slap'),
(55, 'water-gun'),
(518, 'water-pledge'),
(352, 'water-pulse'),
(594, 'water-shuriken'),
(346, 'water-sport'),
(323, 'water-spout'),
(127, 'waterfall'),
(311, 'weather-ball'),
(250, 'whirlpool'),
(18, 'whirlwind'),
(469, 'wide-guard'),
(528, 'wild-charge'),
(261, 'will-o-wisp'),
(17, 'wing-attack'),
(273, 'wish'),
(110, 'withdraw'),
(472, 'wonder-room'),
(452, 'wood-hammer'),
(526, 'work-up'),
(388, 'worry-seed'),
(35, 'wrap'),
(378, 'wring-out'),
(404, 'x-scissor'),
(281, 'yawn'),
(192, 'zap-cannon'),
(428, 'zen-headbutt');

-- --------------------------------------------------------

--
-- Estrutura da tabela `pokemon`
--

DROP TABLE IF EXISTS `pokemon`;
CREATE TABLE IF NOT EXISTS `pokemon` (
  `pokemon_id` int NOT NULL AUTO_INCREMENT,
  `species_id` int NOT NULL,
  `ivs` varchar(18) NOT NULL,
  `evs` varchar(24) NOT NULL,
  PRIMARY KEY (`pokemon_id`),
  KEY `species_id` (`species_id`)
) ;

--
-- Extraindo dados da tabela `pokemon`
--

INSERT INTO `pokemon` (`pokemon_id`, `species_id`, `ivs`, `evs`) VALUES
(1, 131, '31,31,31,31,31,31', '80,0,0,252,0,176'),
(2, 230, '31,31,31,31,31,31', '4,0,0,252,0,252'),
(3, 260, '31,31,31,31,31,31', '0,252,4,0,0,252'),
(4, 134, '31,31,31,31,31,31', '252,0,252,0,4,0'),
(5, 581, '31,31,31,31,31,31', '0,0,4,252,0,252'),
(6, 245, '31,31,31,31,31,31', '252,0,0,0,40,216'),
(7, 254, '31,31,31,31,31,31', '0,0,4,252,0,252'),
(8, 460, '31,31,31,31,31,31', '0,0,0,252,4,252'),
(9, 470, '31,31,31,31,31,31', '0,252,4,0,0,252'),
(10, 640, '31,31,31,31,31,31', '0,252,0,0,4,252'),
(11, 251, '31,31,31,31,31,31', '0,0,4,252,0,252'),
(12, 652, '31,31,31,31,31,31', '244,0,252,0,0,12'),
(13, 448, '31,31,31,31,31,31', '0,252,0,0,4,252'),
(14, 385, '31,31,31,31,31,31', '0,252,0,0,4,252'),
(15, 376, '31,31,31,31,31,31', '232,60,0,0,40,176'),
(16, 395, '31,31,31,31,31,31', '252,0,76,0,180,0'),
(17, 306, '31,31,31,31,31,31', '252,0,0,4,252,0'),
(18, 303, '31,31,31,31,31,31', '92,252,0,0,0,164'),
(19, 310, '31,31,31,31,31,31', '0,0,4,252,0,252'),
(20, 135, '31,31,31,31,31,31', '0,0,0,252,4,252'),
(21, 405, '31,31,31,31,31,31', '0,252,0,0,4,252'),
(22, 695, '31,31,31,31,31,31', '0,0,4,252,0,252'),
(23, 596, '31,31,31,31,31,31', '0,0,0,252,4,252'),
(24, 26, '31,31,31,31,31,31', '0,0,4,252,0,252'),
(25, 609, '31,31,31,31,31,31', '0,0,4,252,0,252'),
(26, 681, '31,31,31,31,31,31', '252,0,0,4,252,0'),
(27, 94, '31,31,31,31,31,31', '0,0,0,252,4,252'),
(28, 478, '31,31,31,31,31,31', '4,0,0,252,0,252'),
(29, 442, '31,31,31,31,31,31', '248,0,8,252,0,0'),
(30, 593, '31,31,31,31,31,31', '252,0,224,0,0,32'),
(31, 350, '31,31,31,31,31,31', '252,0,108,0,148,0'),
(32, 373, '31,31,31,31,31,31', '44,252,0,0,0,212'),
(33, 700, '31,31,31,31,31,31', '0,0,4,252,0,252'),
(34, 471, '31,31,31,31,31,31', '0,0,0,252,4,252'),
(35, 257, '31,31,31,31,31,31', '0,252,4,0,0,252'),
(36, 587, '31,31,31,31,31,31', '0,0,4,252,0,252');

-- --------------------------------------------------------

--
-- Estrutura da tabela `pokemon_move`
--

DROP TABLE IF EXISTS `pokemon_move`;
CREATE TABLE IF NOT EXISTS `pokemon_move` (
  `pokemon_id` int NOT NULL,
  `move_id` int NOT NULL,
  KEY `pokemon_id` (`pokemon_id`),
  KEY `move_id` (`move_id`)
) ;

-- --------------------------------------------------------

--
-- Estrutura da tabela `species`
--

DROP TABLE IF EXISTS `species`;
CREATE TABLE IF NOT EXISTS `species` (
  `species_id` int NOT NULL,
  `name` varchar(25) NOT NULL,
  PRIMARY KEY (`species_id`),
  UNIQUE KEY `name` (`name`)
) ;
--
-- Extraindo dados da tabela `species`
--

INSERT INTO `species` (`species_id`, `name`) VALUES
(460, 'abomasnow'),
(63, 'abra'),
(359, 'absol'),
(617, 'accelgor'),
(681, 'aegislash-shield'),
(142, 'aerodactyl'),
(306, 'aggron'),
(190, 'aipom'),
(65, 'alakazam'),
(594, 'alomomola'),
(334, 'altaria'),
(698, 'amaura'),
(424, 'ambipom'),
(591, 'amoonguss'),
(181, 'ampharos'),
(347, 'anorith'),
(24, 'arbok'),
(59, 'arcanine'),
(493, 'arceus'),
(566, 'archen'),
(567, 'archeops'),
(168, 'ariados'),
(348, 'armaldo'),
(683, 'aromatisse'),
(304, 'aron'),
(144, 'articuno'),
(531, 'audino'),
(699, 'aurorus'),
(713, 'avalugg'),
(610, 'axew'),
(482, 'azelf'),
(184, 'azumarill'),
(298, 'azurill'),
(371, 'bagon'),
(343, 'baltoy'),
(354, 'banette'),
(689, 'barbaracle'),
(339, 'barboach'),
(550, 'basculin-red-striped'),
(411, 'bastiodon'),
(153, 'bayleef'),
(614, 'beartic'),
(267, 'beautifly'),
(15, 'beedrill'),
(606, 'beheeyem'),
(374, 'beldum'),
(182, 'bellossom'),
(69, 'bellsprout'),
(712, 'bergmite'),
(400, 'bibarel'),
(399, 'bidoof'),
(688, 'binacle'),
(625, 'bisharp'),
(9, 'blastoise'),
(257, 'blaziken'),
(242, 'blissey'),
(522, 'blitzle'),
(525, 'boldore'),
(438, 'bonsly'),
(626, 'bouffalant'),
(654, 'braixen'),
(628, 'braviary'),
(286, 'breloom'),
(437, 'bronzong'),
(436, 'bronzor'),
(406, 'budew'),
(418, 'buizel'),
(1, 'bulbasaur'),
(427, 'buneary'),
(659, 'bunnelby'),
(412, 'burmy'),
(12, 'butterfree'),
(331, 'cacnea'),
(332, 'cacturne'),
(323, 'camerupt'),
(703, 'carbink'),
(455, 'carnivine'),
(565, 'carracosta'),
(318, 'carvanha'),
(268, 'cascoon'),
(351, 'castform'),
(10, 'caterpie'),
(251, 'celebi'),
(609, 'chandelure'),
(113, 'chansey'),
(6, 'charizard'),
(4, 'charmander'),
(5, 'charmeleon'),
(441, 'chatot'),
(421, 'cherrim'),
(420, 'cherubi'),
(652, 'chesnaught'),
(650, 'chespin'),
(152, 'chikorita'),
(390, 'chimchar'),
(358, 'chimecho'),
(170, 'chinchou'),
(433, 'chingling'),
(573, 'cinccino'),
(366, 'clamperl'),
(692, 'clauncher'),
(693, 'clawitzer'),
(344, 'claydol'),
(36, 'clefable'),
(35, 'clefairy'),
(173, 'cleffa'),
(91, 'cloyster'),
(638, 'cobalion'),
(563, 'cofagrigus'),
(415, 'combee'),
(256, 'combusken'),
(534, 'conkeldurr'),
(341, 'corphish'),
(222, 'corsola'),
(546, 'cottonee'),
(346, 'cradily'),
(408, 'cranidos'),
(342, 'crawdaunt'),
(488, 'cresselia'),
(453, 'croagunk'),
(169, 'crobat'),
(159, 'croconaw'),
(558, 'crustle'),
(615, 'cryogonal'),
(613, 'cubchoo'),
(104, 'cubone'),
(155, 'cyndaquil'),
(491, 'darkrai'),
(555, 'darmanitan-standard'),
(554, 'darumaka'),
(702, 'dedenne'),
(585, 'deerling'),
(633, 'deino'),
(301, 'delcatty'),
(225, 'delibird'),
(655, 'delphox'),
(386, 'deoxys-normal'),
(87, 'dewgong'),
(502, 'dewott'),
(483, 'dialga'),
(719, 'diancie'),
(660, 'diggersby'),
(50, 'diglett'),
(132, 'ditto'),
(85, 'dodrio'),
(84, 'doduo'),
(232, 'donphan'),
(680, 'doublade'),
(691, 'dragalge'),
(148, 'dragonair'),
(149, 'dragonite'),
(452, 'drapion'),
(147, 'dratini'),
(426, 'drifblim'),
(425, 'drifloon'),
(529, 'drilbur'),
(96, 'drowzee'),
(621, 'druddigon'),
(580, 'ducklett'),
(51, 'dugtrio'),
(206, 'dunsparce'),
(578, 'duosion'),
(632, 'durant'),
(356, 'dusclops'),
(477, 'dusknoir'),
(355, 'duskull'),
(269, 'dustox'),
(557, 'dwebble'),
(603, 'eelektrik'),
(604, 'eelektross'),
(133, 'eevee'),
(23, 'ekans'),
(125, 'electabuzz'),
(466, 'electivire'),
(309, 'electrike'),
(101, 'electrode'),
(239, 'elekid'),
(605, 'elgyem'),
(500, 'emboar'),
(587, 'emolga'),
(395, 'empoleon'),
(244, 'entei'),
(589, 'escavalier'),
(196, 'espeon'),
(677, 'espurr'),
(530, 'excadrill'),
(102, 'exeggcute'),
(103, 'exeggutor'),
(295, 'exploud'),
(83, 'farfetchd'),
(22, 'fearow'),
(349, 'feebas'),
(653, 'fennekin'),
(160, 'feraligatr'),
(597, 'ferroseed'),
(598, 'ferrothorn'),
(456, 'finneon'),
(180, 'flaaffy'),
(669, 'flabebe'),
(136, 'flareon'),
(662, 'fletchinder'),
(661, 'fletchling'),
(419, 'floatzel'),
(670, 'floette'),
(671, 'florges'),
(330, 'flygon'),
(590, 'foongus'),
(205, 'forretress'),
(611, 'fraxure'),
(592, 'frillish'),
(656, 'froakie'),
(657, 'frogadier'),
(478, 'froslass'),
(676, 'furfrou'),
(162, 'furret'),
(444, 'gabite'),
(475, 'gallade'),
(596, 'galvantula'),
(569, 'garbodor'),
(445, 'garchomp'),
(282, 'gardevoir'),
(92, 'gastly'),
(423, 'gastrodon'),
(649, 'genesect'),
(94, 'gengar'),
(74, 'geodude'),
(443, 'gible'),
(526, 'gigalith'),
(203, 'girafarig'),
(487, 'giratina-altered'),
(471, 'glaceon'),
(362, 'glalie'),
(431, 'glameow'),
(207, 'gligar'),
(472, 'gliscor'),
(44, 'gloom'),
(673, 'gogoat'),
(42, 'golbat'),
(118, 'goldeen'),
(55, 'golduck'),
(76, 'golem'),
(622, 'golett'),
(623, 'golurk'),
(706, 'goodra'),
(704, 'goomy'),
(368, 'gorebyss'),
(574, 'gothita'),
(576, 'gothitelle'),
(575, 'gothorita'),
(711, 'gourgeist-average'),
(210, 'granbull'),
(75, 'graveler'),
(658, 'greninja'),
(88, 'grimer'),
(388, 'grotle'),
(383, 'groudon'),
(253, 'grovyle'),
(58, 'growlithe'),
(326, 'grumpig'),
(316, 'gulpin'),
(533, 'gurdurr'),
(130, 'gyarados'),
(440, 'happiny'),
(297, 'hariyama'),
(93, 'haunter'),
(701, 'hawlucha'),
(612, 'haxorus'),
(631, 'heatmor'),
(485, 'heatran'),
(695, 'heliolisk'),
(694, 'helioptile'),
(214, 'heracross'),
(507, 'herdier'),
(449, 'hippopotas'),
(450, 'hippowdon'),
(107, 'hitmonchan'),
(106, 'hitmonlee'),
(237, 'hitmontop'),
(250, 'ho-oh'),
(430, 'honchkrow'),
(679, 'honedge'),
(720, 'hoopa'),
(163, 'hoothoot'),
(187, 'hoppip'),
(116, 'horsea'),
(229, 'houndoom'),
(228, 'houndour'),
(367, 'huntail'),
(635, 'hydreigon'),
(97, 'hypno'),
(174, 'igglybuff'),
(314, 'illumise'),
(392, 'infernape'),
(686, 'inkay'),
(2, 'ivysaur'),
(593, 'jellicent'),
(39, 'jigglypuff'),
(385, 'jirachi'),
(135, 'jolteon'),
(595, 'joltik'),
(189, 'jumpluff'),
(124, 'jynx'),
(140, 'kabuto'),
(141, 'kabutops'),
(64, 'kadabra'),
(14, 'kakuna'),
(115, 'kangaskhan'),
(588, 'karrablast'),
(352, 'kecleon'),
(647, 'keldeo-ordinary'),
(230, 'kingdra'),
(99, 'kingler'),
(281, 'kirlia'),
(600, 'klang'),
(707, 'klefki'),
(599, 'klink'),
(601, 'klinklang'),
(109, 'koffing'),
(98, 'krabby'),
(401, 'kricketot'),
(402, 'kricketune'),
(552, 'krokorok'),
(553, 'krookodile'),
(382, 'kyogre'),
(646, 'kyurem'),
(305, 'lairon'),
(608, 'lampent'),
(645, 'landorus-incarnate'),
(171, 'lanturn'),
(131, 'lapras'),
(636, 'larvesta'),
(246, 'larvitar'),
(380, 'latias'),
(381, 'latios'),
(470, 'leafeon'),
(542, 'leavanny'),
(166, 'ledian'),
(165, 'ledyba'),
(463, 'lickilicky'),
(108, 'lickitung'),
(510, 'liepard'),
(345, 'lileep'),
(549, 'lilligant'),
(506, 'lillipup'),
(264, 'linoone'),
(667, 'litleo'),
(607, 'litwick'),
(271, 'lombre'),
(428, 'lopunny'),
(270, 'lotad'),
(294, 'loudred'),
(448, 'lucario'),
(272, 'ludicolo'),
(249, 'lugia'),
(457, 'lumineon'),
(337, 'lunatone'),
(370, 'luvdisc'),
(404, 'luxio'),
(405, 'luxray'),
(68, 'machamp'),
(67, 'machoke'),
(66, 'machop'),
(240, 'magby'),
(219, 'magcargo'),
(129, 'magikarp'),
(126, 'magmar'),
(467, 'magmortar'),
(81, 'magnemite'),
(82, 'magneton'),
(462, 'magnezone'),
(296, 'makuhita'),
(687, 'malamar'),
(473, 'mamoswine'),
(490, 'manaphy'),
(630, 'mandibuzz'),
(310, 'manectric'),
(56, 'mankey'),
(226, 'mantine'),
(458, 'mantyke'),
(556, 'maractus'),
(179, 'mareep'),
(183, 'marill'),
(105, 'marowak'),
(259, 'marshtomp'),
(284, 'masquerain'),
(303, 'mawile'),
(308, 'medicham'),
(307, 'meditite'),
(154, 'meganium'),
(648, 'meloetta-aria'),
(678, 'meowstic-male'),
(52, 'meowth'),
(481, 'mesprit'),
(376, 'metagross'),
(375, 'metang'),
(11, 'metapod'),
(151, 'mew'),
(150, 'mewtwo'),
(619, 'mienfoo'),
(620, 'mienshao'),
(262, 'mightyena'),
(350, 'milotic'),
(241, 'miltank'),
(439, 'mime-jr'),
(572, 'minccino'),
(312, 'minun'),
(200, 'misdreavus'),
(429, 'mismagius'),
(146, 'moltres'),
(391, 'monferno'),
(414, 'mothim'),
(122, 'mr-mime'),
(258, 'mudkip'),
(89, 'muk'),
(446, 'munchlax'),
(517, 'munna'),
(198, 'murkrow'),
(518, 'musharna'),
(177, 'natu'),
(34, 'nidoking'),
(31, 'nidoqueen'),
(29, 'nidoran-f'),
(32, 'nidoran-m'),
(30, 'nidorina'),
(33, 'nidorino'),
(290, 'nincada'),
(38, 'ninetales'),
(291, 'ninjask'),
(164, 'noctowl'),
(714, 'noibat'),
(715, 'noivern'),
(299, 'nosepass'),
(322, 'numel'),
(274, 'nuzleaf'),
(224, 'octillery'),
(43, 'oddish'),
(138, 'omanyte'),
(139, 'omastar'),
(95, 'onix'),
(501, 'oshawott'),
(417, 'pachirisu'),
(484, 'palkia'),
(536, 'palpitoad'),
(674, 'pancham'),
(675, 'pangoro'),
(515, 'panpour'),
(511, 'pansage'),
(513, 'pansear'),
(46, 'paras'),
(47, 'parasect'),
(504, 'patrat'),
(624, 'pawniard'),
(279, 'pelipper'),
(53, 'persian'),
(548, 'petilil'),
(231, 'phanpy'),
(708, 'phantump'),
(489, 'phione'),
(172, 'pichu'),
(18, 'pidgeot'),
(17, 'pidgeotto'),
(16, 'pidgey'),
(519, 'pidove'),
(499, 'pignite'),
(25, 'pikachu'),
(221, 'piloswine'),
(204, 'pineco'),
(127, 'pinsir'),
(393, 'piplup'),
(311, 'plusle'),
(186, 'politoed'),
(60, 'poliwag'),
(61, 'poliwhirl'),
(62, 'poliwrath'),
(77, 'ponyta'),
(261, 'poochyena'),
(137, 'porygon'),
(474, 'porygon-z'),
(233, 'porygon2'),
(57, 'primeape'),
(394, 'prinplup'),
(476, 'probopass'),
(54, 'psyduck'),
(710, 'pumpkaboo-average'),
(247, 'pupitar'),
(509, 'purrloin'),
(432, 'purugly'),
(668, 'pyroar'),
(195, 'quagsire'),
(156, 'quilava'),
(651, 'quilladin'),
(211, 'qwilfish'),
(26, 'raichu'),
(243, 'raikou'),
(280, 'ralts'),
(409, 'rampardos'),
(78, 'rapidash'),
(20, 'raticate'),
(19, 'rattata'),
(384, 'rayquaza'),
(378, 'regice'),
(486, 'regigigas'),
(377, 'regirock'),
(379, 'registeel'),
(369, 'relicanth'),
(223, 'remoraid'),
(643, 'reshiram'),
(579, 'reuniclus'),
(112, 'rhydon'),
(111, 'rhyhorn'),
(464, 'rhyperior'),
(447, 'riolu'),
(524, 'roggenrola'),
(315, 'roselia'),
(407, 'roserade'),
(479, 'rotom'),
(627, 'rufflet'),
(302, 'sableye'),
(373, 'salamence'),
(503, 'samurott'),
(551, 'sandile'),
(27, 'sandshrew'),
(28, 'sandslash'),
(539, 'sawk'),
(586, 'sawsbuck'),
(664, 'scatterbug'),
(254, 'sceptile'),
(212, 'scizor'),
(545, 'scolipede'),
(560, 'scrafty'),
(559, 'scraggy'),
(123, 'scyther'),
(117, 'seadra'),
(119, 'seaking'),
(364, 'sealeo'),
(273, 'seedot'),
(86, 'seel'),
(537, 'seismitoad'),
(161, 'sentret'),
(497, 'serperior'),
(496, 'servine'),
(336, 'seviper'),
(540, 'sewaddle'),
(319, 'sharpedo'),
(492, 'shaymin-land'),
(292, 'shedinja'),
(372, 'shelgon'),
(90, 'shellder'),
(422, 'shellos'),
(616, 'shelmet'),
(410, 'shieldon'),
(275, 'shiftry'),
(403, 'shinx'),
(285, 'shroomish'),
(213, 'shuckle'),
(353, 'shuppet'),
(561, 'sigilyph'),
(266, 'silcoon'),
(516, 'simipour'),
(512, 'simisage'),
(514, 'simisear'),
(227, 'skarmory'),
(672, 'skiddo'),
(188, 'skiploom'),
(300, 'skitty'),
(451, 'skorupi'),
(690, 'skrelp'),
(435, 'skuntank'),
(289, 'slaking'),
(287, 'slakoth'),
(705, 'sliggoo'),
(80, 'slowbro'),
(199, 'slowking'),
(79, 'slowpoke'),
(218, 'slugma'),
(685, 'slurpuff'),
(235, 'smeargle'),
(238, 'smoochum'),
(215, 'sneasel'),
(495, 'snivy'),
(143, 'snorlax'),
(361, 'snorunt'),
(459, 'snover'),
(209, 'snubbull'),
(577, 'solosis'),
(338, 'solrock'),
(21, 'spearow'),
(665, 'spewpa'),
(363, 'spheal'),
(167, 'spinarak'),
(327, 'spinda'),
(442, 'spiritomb'),
(325, 'spoink'),
(682, 'spritzee'),
(7, 'squirtle'),
(234, 'stantler'),
(398, 'staraptor'),
(397, 'staravia'),
(396, 'starly'),
(121, 'starmie'),
(120, 'staryu'),
(208, 'steelix'),
(508, 'stoutland'),
(618, 'stunfisk'),
(434, 'stunky'),
(185, 'sudowoodo'),
(245, 'suicune'),
(192, 'sunflora'),
(191, 'sunkern'),
(283, 'surskit'),
(333, 'swablu'),
(541, 'swadloon'),
(317, 'swalot'),
(260, 'swampert'),
(581, 'swanna'),
(277, 'swellow'),
(220, 'swinub'),
(684, 'swirlix'),
(528, 'swoobat'),
(700, 'sylveon'),
(276, 'taillow'),
(663, 'talonflame'),
(114, 'tangela'),
(465, 'tangrowth'),
(128, 'tauros'),
(216, 'teddiursa'),
(72, 'tentacool'),
(73, 'tentacruel'),
(498, 'tepig'),
(639, 'terrakion'),
(538, 'throh'),
(642, 'thundurus-incarnate'),
(532, 'timburr'),
(564, 'tirtouga'),
(468, 'togekiss'),
(175, 'togepi'),
(176, 'togetic'),
(255, 'torchic'),
(324, 'torkoal'),
(641, 'tornadus-incarnate'),
(389, 'torterra'),
(158, 'totodile'),
(454, 'toxicroak'),
(520, 'tranquill'),
(328, 'trapinch'),
(252, 'treecko'),
(709, 'trevenant'),
(357, 'tropius'),
(568, 'trubbish'),
(387, 'turtwig'),
(535, 'tympole'),
(602, 'tynamo'),
(157, 'typhlosion'),
(248, 'tyranitar'),
(697, 'tyrantrum'),
(236, 'tyrogue'),
(696, 'tyrunt'),
(197, 'umbreon'),
(521, 'unfezant'),
(201, 'unown'),
(217, 'ursaring'),
(480, 'uxie'),
(583, 'vanillish'),
(582, 'vanillite'),
(584, 'vanilluxe'),
(134, 'vaporeon'),
(543, 'venipede'),
(49, 'venomoth'),
(48, 'venonat'),
(3, 'venusaur'),
(416, 'vespiquen'),
(329, 'vibrava'),
(494, 'victini'),
(71, 'victreebel'),
(288, 'vigoroth'),
(45, 'vileplume'),
(640, 'virizion'),
(666, 'vivillon'),
(313, 'volbeat'),
(721, 'volcanion'),
(637, 'volcarona'),
(100, 'voltorb'),
(629, 'vullaby'),
(37, 'vulpix'),
(320, 'wailmer'),
(321, 'wailord'),
(365, 'walrein'),
(8, 'wartortle'),
(505, 'watchog'),
(461, 'weavile'),
(13, 'weedle'),
(70, 'weepinbell'),
(110, 'weezing'),
(547, 'whimsicott'),
(544, 'whirlipede'),
(340, 'whiscash'),
(293, 'whismur'),
(40, 'wigglytuff'),
(278, 'wingull'),
(202, 'wobbuffet'),
(527, 'woobat'),
(194, 'wooper'),
(413, 'wormadam-plant'),
(265, 'wurmple'),
(360, 'wynaut'),
(178, 'xatu'),
(716, 'xerneas'),
(562, 'yamask'),
(193, 'yanma'),
(469, 'yanmega'),
(717, 'yveltal'),
(335, 'zangoose'),
(145, 'zapdos'),
(523, 'zebstrika'),
(644, 'zekrom'),
(263, 'zigzagoon'),
(571, 'zoroark'),
(570, 'zorua'),
(41, 'zubat'),
(634, 'zweilous'),
(718, 'zygarde');

-- --------------------------------------------------------

--
-- Estrutura da tabela `team`
--

DROP TABLE IF EXISTS `team`;
CREATE TABLE IF NOT EXISTS `team` (
  `team_id` int NOT NULL AUTO_INCREMENT,
  `name` varchar(25) DEFAULT NULL,
  PRIMARY KEY (`team_id`)
) ;

--
-- Extraindo dados da tabela `team`
--

INSERT INTO `team` (`team_id`, `name`) VALUES
(1, 'Breno'),
(2, 'Gustavo'),
(3, 'Pablo'),
(4, 'Paulo'),
(5, 'Teodoro'),
(6, 'Administrator');

-- --------------------------------------------------------

--
-- Estrutura da tabela `team_pokemon`
--

DROP TABLE IF EXISTS `team_pokemon`;
CREATE TABLE IF NOT EXISTS `team_pokemon` (
  `team_id` int NOT NULL,
  `pokemon_id` int NOT NULL,
  PRIMARY KEY (`team_id`,`pokemon_id`),
  KEY `pokemon_id` (`pokemon_id`)
) ;

--
-- Extraindo dados da tabela `team_pokemon`
--

INSERT INTO `team_pokemon` (`team_id`, `pokemon_id`) VALUES
(1, 1),
(1, 2),
(1, 3),
(1, 4),
(1, 5),
(1, 6),
(2, 7),
(2, 8),
(2, 9),
(2, 10),
(2, 11),
(2, 12),
(3, 13),
(3, 14),
(3, 15),
(3, 16),
(3, 17),
(3, 18),
(4, 19),
(4, 20),
(4, 21),
(4, 22),
(4, 23),
(4, 24),
(5, 25),
(5, 26),
(5, 27),
(5, 28),
(5, 29),
(5, 30),
(6, 31),
(6, 32),
(6, 33),
(6, 34),
(6, 35),
(6, 36);

-- --------------------------------------------------------

--
-- Estrutura da tabela `user`
--

DROP TABLE IF EXISTS `user`;
CREATE TABLE IF NOT EXISTS `user` (
  `user_id` int NOT NULL AUTO_INCREMENT,
  `username` varchar(25) NOT NULL,
  `email` varchar(255) NOT NULL,
  `password` varchar(255) NOT NULL,
  PRIMARY KEY (`user_id`)
) ;

--
-- Extraindo dados da tabela `user`
--

INSERT INTO `user` (`user_id`, `username`, `email`, `password`) VALUES
(1, 'pablobrl', 'pablg.brl@gmail.com', '$2y$10$S3Sfk9zI/h3C2hvxxZLGjuBFWFENDB3ob9F7VjyTanDqiMmB2h6zm');

-- --------------------------------------------------------

--
-- Estrutura da tabela `user_team`
--

DROP TABLE IF EXISTS `user_team`;
CREATE TABLE IF NOT EXISTS `user_team` (
  `user_id` int NOT NULL,
  `team_id` int NOT NULL,
  PRIMARY KEY (`user_id`,`team_id`),
  KEY `team_id` (`team_id`)
) ;

--
-- Extraindo dados da tabela `user_team`
--

INSERT INTO `user_team` (`user_id`, `team_id`) VALUES
(1, 6);

--
-- Restrições para despejos de tabelas
--

--
-- Limitadores para a tabela `leader`
--
ALTER TABLE `leader`
  ADD CONSTRAINT `leader_ibfk_1` FOREIGN KEY (`team_id`) REFERENCES `team` (`team_id`);

--
-- Limitadores para a tabela `pokemon`
--
ALTER TABLE `pokemon`
  ADD CONSTRAINT `pokemon_ibfk_1` FOREIGN KEY (`species_id`) REFERENCES `species` (`species_id`);

--
-- Limitadores para a tabela `pokemon_move`
--
ALTER TABLE `pokemon_move`
  ADD CONSTRAINT `pokemon_move_ibfk_1` FOREIGN KEY (`pokemon_id`) REFERENCES `pokemon` (`pokemon_id`),
  ADD CONSTRAINT `pokemon_move_ibfk_2` FOREIGN KEY (`move_id`) REFERENCES `move` (`move_id`);

--
-- Limitadores para a tabela `team_pokemon`
--
ALTER TABLE `team_pokemon`
  ADD CONSTRAINT `team_pokemon_ibfk_1` FOREIGN KEY (`team_id`) REFERENCES `team` (`team_id`),
  ADD CONSTRAINT `team_pokemon_ibfk_2` FOREIGN KEY (`pokemon_id`) REFERENCES `pokemon` (`pokemon_id`);

--
-- Limitadores para a tabela `user_team`
--
ALTER TABLE `user_team`
  ADD CONSTRAINT `user_team_ibfk_1` FOREIGN KEY (`user_id`) REFERENCES `user` (`user_id`),
  ADD CONSTRAINT `user_team_ibfk_2` FOREIGN KEY (`team_id`) REFERENCES `team` (`team_id`);
COMMIT;

